Date,Steps,Distance,Goal
2021-12-22,13272.0,14649.0,10000.0
2021-12-23,15597.0,15861.0,10330.0
2021-12-24,2685.0,2089.0,11390.0
2021-12-25,13131.0,14611.0,10520.0
2021-12-26,74.0,58.0,10790.0
2021-12-27,8838.0,6876.0,10790.0
2021-12-28,11525.0,12077.0,10600.0
2021-12-29,12312.0,11871.0,10700.0
2021-12-30,1894.0,1479.0,11030.0
2021-12-31,1637.0,1274.0,10120.0
2022-01-01,830.0,646.0,8430.0
2022-01-02,13418.0,13171.0,8430.0
2022-01-03,0.0,0.0,8930.0
2022-01-04,11199.0,10995.0,8930.0
2022-01-05,1067.0,830.0,9390.0
2022-01-06,2868.0,2258.0,8560.0
2022-01-07,10278.0,10583.0,7430.0
2022-01-08,14243.0,13976.0,7720.0
2022-01-09,371.0,289.0,9030.0
2022-01-10,12323.0,12483.0,9030.0
2022-01-11,1619.0,1260.0,9690.0
2022-01-12,11615.0,11898.0,8890.0
2022-01-13,1056.0,822.0,9170.0
2022-01-14,676.0,537.0,8360.0
2022-01-15,10159.0,10288.0,8360.0
2022-01-16,828.0,644.0,8540.0
2022-01-17,5792.0,4793.0,8540.0
2022-01-18,900.0,700.0,8270.0
2022-01-19,3234.0,2772.0,6800.0
2022-01-20,932.0,725.0,6090.0
2022-01-21,0.0,0.0,5060.0
2022-01-22,836.0,650.0,5060.0
2022-01-23,0.0,0.0,4220.0
2022-01-24,0.0,0.0,4220.0
2022-01-25,0.0,0.0,4220.0
2022-01-26,0.0,0.0,4220.0
2022-01-27,8709.0,9134.0,4220.0
2022-01-28,11272.0,11793.0,4670.0
2022-01-29,0.0,0.0,5990.0
2022-01-30,0.0,0.0,5990.0
2022-01-31,12447.0,12684.0,5990.0
2022-02-01,9316.0,9143.0,7290.0
2022-02-02,8878.0,8807.0,7700.0
2022-02-03,0.0,0.0,7940.0
2022-02-04,8566.0,7861.0,7940.0
2022-02-05,16255.0,15156.0,8070.0
2022-02-06,0.0,0.0,9710.0
2022-02-07,4549.0,3585.0,9710.0
2022-02-08,0.0,0.0,9200.0
2022-02-09,0.0,0.0,9200.0
2022-02-10,9688.0,9615.0,9200.0
2022-02-11,0.0,0.0,9250.0
2022-02-12,0.0,0.0,9250.0
2022-02-13,8807.0,8304.0,9250.0
2022-02-14,0.0,0.0,9210.0
2022-02-15,0.0,0.0,9210.0
2022-02-16,13505.0,13849.0,9210.0
2022-02-17,6632.0,6072.0,9640.0
2022-02-18,0.0,0.0,9340.0
2022-02-19,13700.0,13307.0,9340.0
2022-02-20,1113.0,866.0,9780.0
2022-02-21,0.0,0.0,8920.0
2022-02-22,0.0,0.0,8920.0
2022-02-23,0.0,0.0,8920.0
2022-02-24,59.0,46.0,8920.0
2022-02-25,9796.0,9443.0,8920.0
2022-02-26,0.0,0.0,9010.0
2022-02-27,0.0,0.0,9010.0
2022-02-28,0.0,0.0,9010.0
2022-03-01,0.0,0.0,9010.0
2022-03-02,0.0,0.0,9010.0
2022-03-03,0.0,0.0,9010.0
2022-03-04,0.0,0.0,9010.0
2022-03-05,0.0,0.0,9010.0
2022-03-06,0.0,0.0,9010.0
2022-03-07,0.0,0.0,9010.0
2022-03-08,0.0,0.0,9010.0
2022-03-09,0.0,0.0,9010.0
2022-03-10,0.0,0.0,9010.0
2022-03-11,0.0,0.0,9010.0
2022-03-12,0.0,0.0,9010.0
2022-03-13,11696.0,11959.0,9010.0
2022-03-14,0.0,0.0,9550.0
2022-03-15,0.0,0.0,9550.0
2022-03-16,0.0,0.0,9550.0
2022-03-17,0.0,0.0,9550.0
2022-03-18,0.0,0.0,9550.0
2022-03-19,0.0,0.0,9550.0
2022-03-20,0.0,0.0,9550.0
2022-03-21,0.0,0.0,9550.0
2022-03-22,2714.0,2111.0,9550.0
2022-03-23,0.0,0.0,8870.0
2022-03-24,0.0,0.0,8870.0
2022-03-25,0.0,0.0,8870.0
2022-03-26,0.0,0.0,8870.0
2022-03-28,460.0,358.0,8870.0
2022-03-29,3349.0,3446.0,8870.0
2022-05-24,6105.0,5699.0,8870.0
2022-05-25,0.0,0.0,8300.0
2022-05-26,0.0,0.0,8300.0
2022-05-27,0.0,0.0,8300.0
2022-05-28,0.0,0.0,8300.0
2022-05-29,0.0,0.0,8300.0
2022-05-30,0.0,0.0,8300.0
2022-05-31,0.0,0.0,8300.0
2022-06-01,0.0,0.0,8300.0
2022-06-02,100.0,78.0,8300.0
2022-06-03,10100.0,9521.0,8300.0
2022-06-04,0.0,0.0,8480.0
2022-06-05,0.0,0.0,8480.0
2022-06-06,0.0,0.0,8480.0
2022-06-07,0.0,0.0,8480.0
2022-06-08,0.0,0.0,8480.0
2022-06-09,0.0,0.0,8480.0
2022-06-10,0.0,0.0,8480.0
2022-06-11,0.0,0.0,8480.0
2022-06-12,0.0,0.0,8480.0
2022-06-13,0.0,0.0,8480.0
2022-06-14,0.0,0.0,8480.0
2022-06-15,0.0,0.0,8480.0
2022-06-16,0.0,0.0,8480.0
2022-06-17,0.0,0.0,8480.0
2022-06-18,0.0,0.0,8480.0
2022-06-19,0.0,0.0,8480.0
2022-06-20,0.0,0.0,8480.0
2022-06-21,3271.0,2561.0,8480.0
2022-06-22,6473.0,5875.0,7960.0
2022-06-23,2904.0,2259.0,7670.0
2022-06-24,0.0,0.0,6720.0
2022-06-25,2097.0,1638.0,6720.0
2022-06-26,519.0,404.0,5800.0
2022-06-27,12925.0,12652.0,5800.0
2022-06-28,0.0,0.0,6520.0
2022-06-29,0.0,0.0,6520.0
2022-06-30,0.0,0.0,6520.0
2022-07-01,0.0,0.0,6520.0
2022-07-02,1456.0,1297.0,6520.0
2022-07-14,5320.0,4548.0,6520.0
2022-07-15,5375.0,4195.0,6400.0
2022-07-16,16231.0,12628.0,6200.0
2022-07-17,373.0,295.0,7210.0
2022-07-18,15086.0,15149.0,7210.0
2022-07-19,3616.0,2813.0,8790.0
2022-07-20,5243.0,4079.0,8280.0
2022-07-21,14040.0,12281.0,7680.0
2022-07-22,7249.0,5640.0,8320.0
2022-07-23,15183.0,14632.0,8220.0
2022-07-24,2191.0,1991.0,8920.0
2022-07-25,13695.0,12095.0,8250.0
2022-07-26,6652.0,5498.0,8800.0
2022-07-27,3949.0,3072.0,8590.0
2022-07-28,7400.0,6390.0,7670.0
2022-07-29,6592.0,5160.0,7620.0
2022-07-30,3310.0,2575.0,7420.0
2022-07-31,733.0,570.0,6600.0
2022-08-01,6538.0,5468.0,5430.0
2022-08-02,12459.0,11158.0,5540.0
2022-08-03,12011.0,10680.0,6930.0
2022-08-04,4632.0,3604.0,7950.0
2022-08-05,13685.0,13457.0,7620.0
2022-08-06,4262.0,3322.0,8230.0
2022-08-07,15416.0,15443.0,7840.0
2022-08-08,6411.0,5233.0,8600.0
2022-08-09,10664.0,10119.0,8390.0
2022-08-10,11269.0,9818.0,8620.0
2022-08-11,4341.0,3383.0,9150.0
2022-08-12,16075.0,14362.0,8670.0
2022-08-13,19416.0,18620.0,9410.0
2022-08-14,6426.0,5024.0,11410.0
2022-08-15,14135.0,12852.0,10920.0
2022-08-16,13841.0,13511.0,11250.0
2022-08-17,7064.0,5855.0,11770.0
2022-08-18,12605.0,11648.0,11300.0
2022-08-19,7016.0,5546.0,11430.0
2022-08-20,10958.0,10872.0,10990.0
2022-08-21,3403.0,2648.0,10990.0
2022-08-22,6066.0,4743.0,9480.0
2022-08-23,16842.0,15731.0,8800.0
2022-08-24,17160.0,15348.0,9610.0
2022-08-25,5582.0,4524.0,11120.0
2022-08-26,12956.0,11876.0,10570.0
2022-08-27,3008.0,2340.0,10810.0
2022-08-28,14168.0,15061.0,10030.0
2022-08-29,8111.0,6522.0,10450.0
2022-08-30,12689.0,11269.0,10220.0
2022-08-31,10676.0,10163.0,10470.0
2022-09-01,3987.0,3102.0,10520.0
2022-09-02,11313.0,9343.0,9870.0
2022-09-03,14734.0,13779.0,10020.0
2022-09-04,4099.0,3428.0,10970.0
2022-09-05,9244.0,8575.0,10290.0
2022-09-06,9660.0,8491.0,10080.0
2022-09-07,10365.0,9512.0,10000.0
2022-09-08,3737.0,2917.0,10040.0
2022-09-09,10156.0,8973.0,9410.0
2022-09-10,7659.0,6066.0,9490.0
2022-09-11,970.0,755.0,9310.0
2022-09-12,12492.0,11414.0,7650.0
2022-09-13,12962.0,11548.0,8140.0
2022-09-14,3886.0,3049.0,9110.0
2022-09-15,9715.0,8499.0,8590.0
2022-09-16,4859.0,3832.0,8710.0
2022-09-17,0.0,0.0,8330.0
2022-09-18,12669.0,13429.0,8330.0
2022-09-19,4385.0,3443.0,8770.0
2022-09-20,12205.0,11163.0,8340.0
2022-09-21,11860.0,10686.0,8730.0
2022-09-22,4067.0,3164.0,9360.0
2022-09-23,10639.0,8963.0,8830.0
2022-09-24,2383.0,1854.0,9010.0
2022-09-25,1109.0,869.0,8350.0
2022-09-26,3680.0,2863.0,6910.0
2022-09-27,12063.0,10496.0,6270.0
2022-09-28,13867.0,13024.0,6850.0
2022-09-29,3308.0,2605.0,8260.0
2022-09-30,1174.0,913.0,7770.0
2022-10-01,2622.0,2040.0,6450.0
2022-10-02,2291.0,1794.0,5690.0
2022-10-03,4265.0,3325.0,5010.0
2022-10-04,4324.0,3364.0,4870.0
2022-10-05,5742.0,4467.0,4760.0
2022-10-06,9833.0,7650.0,4860.0
2022-10-07,3896.0,3031.0,5860.0
2022-10-08,0.0,0.0,5670.0
2022-10-09,0.0,0.0,5670.0
2022-10-10,5697.0,4441.0,5670.0
2022-10-11,4217.0,3281.0,5680.0
2022-10-12,3235.0,2517.0,5540.0
2022-10-13,4405.0,3427.0,5080.0
2022-10-14,1273.0,990.0,4950.0
2022-10-15,2119.0,1651.0,4220.0
2022-10-16,3669.0,2872.0,3800.0
2022-10-18,4136.0,3218.0,3780.0
2022-10-19,3753.0,2920.0,3820.0
2022-10-20,3408.0,2683.0,3820.0
2022-10-21,1641.0,1277.0,3740.0
2022-10-22,3379.0,2645.0,3320.0
2022-10-23,0.0,0.0,3330.0
2022-10-24,0.0,0.0,3330.0
2022-10-25,0.0,0.0,3330.0
2022-10-26,0.0,0.0,3330.0
2022-10-27,0.0,0.0,3330.0
2022-10-28,0.0,0.0,3330.0
2022-10-29,0.0,0.0,3330.0
2022-10-30,0.0,0.0,3330.0
2022-10-31,3164.0,2462.0,3330.0
2022-11-01,0.0,0.0,3330.0
2022-11-02,4399.0,3422.0,3330.0
2022-11-03,0.0,0.0,3550.0
2022-11-04,5271.0,4101.0,3550.0
2022-11-05,6488.0,5057.0,3900.0
2022-11-06,0.0,0.0,4420.0
2022-11-07,13028.0,11657.0,4420.0
2022-11-08,3288.0,2579.0,6150.0
2022-11-09,4434.0,3450.0,5870.0
2022-11-10,4641.0,3621.0,5590.0
2022-11-11,0.0,0.0,5400.0
2022-11-12,0.0,0.0,5400.0
2022-11-13,0.0,0.0,5400.0
2022-11-14,2842.0,2475.0,5400.0
2022-11-15,12377.0,11452.0,4890.0
2022-11-16,3530.0,2746.0,5640.0
2022-11-17,10660.0,9830.0,5430.0
2022-11-18,0.0,0.0,5960.0
2022-11-19,0.0,0.0,5960.0
2022-11-20,5481.0,4900.0,5960.0
2022-11-21,8157.0,8065.0,5920.0
2022-11-22,0.0,0.0,6150.0
2022-11-23,10725.0,9480.0,6150.0
2022-11-24,0.0,0.0,7070.0
2022-11-25,5134.0,4006.0,7070.0
2022-11-26,6887.0,5416.0,6880.0
2022-11-27,16862.0,15474.0,6890.0
2022-11-28,11131.0,10302.0,8890.0
2022-11-29,3964.0,3084.0,9340.0
2022-11-30,1299.0,1011.0,8810.0
2022-12-01,4064.0,3170.0,7310.0
2022-12-02,10668.0,9870.0,6660.0
2022-12-03,12574.0,12242.0,7060.0
2022-12-04,849.0,661.0,8170.0
2022-12-05,4087.0,3180.0,7440.0
2022-12-06,3200.0,2490.0,6770.0
2022-12-07,1690.0,1315.0,6060.0
2022-12-08,16104.0,15965.0,5190.0
2022-12-09,0.0,0.0,6290.0
2022-12-10,1299.0,1011.0,6290.0
2022-12-11,11530.0,11794.0,5790.0
2022-12-12,10604.0,9759.0,6370.0
2022-12-13,13709.0,13129.0,7220.0
2022-12-14,0.0,0.0,8520.0
2022-12-15,10846.0,10875.0,8520.0
2022-12-16,4922.0,3834.0,8990.0
2022-12-17,6009.0,7090.0,8590.0
2022-12-18,11866.0,12150.0,8590.0
2022-12-19,11323.0,9743.0,8920.0
2022-12-20,13869.0,13949.0,9400.0
2022-12-21,4307.0,3429.0,10300.0
2022-12-22,14434.0,14055.0,9700.0
2022-12-23,21692.0,18760.0,10180.0
2022-12-24,4239.0,3303.0,12180.0
2022-12-25,11062.0,11721.0,11390.0
2022-12-26,0.0,0.0,11330.0
2022-12-27,9993.0,10654.0,11330.0
2022-12-28,0.0,0.0,11070.0
2022-12-29,0.0,0.0,11070.0
2022-12-30,0.0,0.0,11070.0
2022-12-31,0.0,0.0,11070.0
2023-01-01,0.0,0.0,11070.0
2023-01-02,3926.0,3054.0,11070.0
2023-01-03,2654.0,2065.0,9650.0
2023-01-04,3558.0,2768.0,8250.0
2023-01-05,0.0,0.0,7320.0
2023-01-06,0.0,0.0,7320.0
2023-01-07,0.0,0.0,7320.0
2023-01-08,2160.0,1793.0,7320.0
2023-01-09,4268.0,3321.0,6290.0
2023-01-10,3602.0,2817.0,5890.0
2023-01-11,3557.0,2767.0,5440.0
2023-01-12,4057.0,3156.0,5070.0
2023-01-13,0.0,0.0,4870.0
2023-01-14,0.0,0.0,4870.0
2023-01-15,0.0,0.0,4870.0
2023-01-16,3672.0,2857.0,4870.0
2023-01-17,3062.0,2382.0,4630.0
2023-01-18,0.0,0.0,4320.0
2023-01-19,5346.0,4224.0,4320.0
2023-01-20,0.0,0.0,4430.0
2023-01-21,2133.0,1659.0,4430.0
2023-01-22,10246.0,9762.0,4200.0
2023-01-23,4686.0,3646.0,4840.0
2023-01-24,3778.0,2939.0,4830.0
2023-01-25,9691.0,9729.0,4620.0
2023-01-26,11191.0,10041.0,5130.0
2023-01-27,3479.0,2707.0,6350.0
2023-01-28,10994.0,10594.0,6070.0
2023-01-29,0.0,0.0,6570.0
2023-01-30,10737.0,9914.0,6570.0
2023-01-31,5819.0,5595.0,7410.0
2023-02-01,10745.0,9544.0,7250.0
2023-02-02,0.0,0.0,7600.0
2023-02-03,6673.0,5395.0,7600.0
2023-02-04,0.0,0.0,7510.0
2023-02-05,0.0,0.0,7510.0
2023-02-06,11908.0,10863.0,7510.0
2023-02-07,10817.0,10080.0,7950.0
2023-02-08,13702.0,12824.0,8530.0
2023-02-09,2841.0,2409.0,9570.0
2023-02-10,13473.0,12867.0,8900.0
2023-02-11,825.0,642.0,9360.0
2023-02-12,0.0,0.0,9360.0
2023-02-13,12375.0,11236.0,9360.0
2023-02-14,3170.0,2466.0,9970.0
2023-02-15,3408.0,2651.0,9290.0
2023-02-16,9237.0,8078.0,8120.0
2023-02-17,59.0,46.0,8240.0
2023-02-18,18625.0,17512.0,8240.0
2023-02-19,3345.0,2602.0,10240.0
2023-02-20,13735.0,12269.0,9550.0
2023-02-21,3943.0,3068.0,9970.0
2023-02-22,8835.0,8923.0,9370.0
2023-02-23,9069.0,7390.0,9270.0
2023-02-24,0.0,0.0,9230.0
2023-02-25,2215.0,1723.0,9230.0
2023-02-26,8417.0,6548.0,7830.0
2023-02-27,13258.0,11079.0,7890.0
2023-02-28,9009.0,7268.0,8970.0
2023-03-01,6519.0,5330.0,8980.0
2023-03-02,0.0,0.0,8740.0
2023-03-03,0.0,0.0,8740.0
2023-03-04,0.0,0.0,8740.0
2023-03-05,0.0,0.0,8740.0
2023-03-06,3555.0,2766.0,8740.0
2023-03-07,12567.0,11419.0,7710.0
2023-03-08,0.0,0.0,8200.0
2023-03-09,3413.0,2655.0,8200.0
2023-03-10,10352.0,8929.0,7730.0
2023-03-11,0.0,0.0,8000.0
2023-03-12,0.0,0.0,8000.0
2023-03-13,8996.0,7701.0,8000.0
2023-03-14,10892.0,9899.0,8200.0
2023-03-15,11667.0,10119.0,8740.0
2023-03-16,4547.0,3538.0,9330.0
2023-03-17,0.0,0.0,8860.0
2023-03-18,0.0,0.0,8860.0
2023-03-19,0.0,0.0,8860.0
2023-03-20,2701.0,2101.0,8860.0
2023-03-21,0.0,0.0,7630.0
2023-03-22,0.0,0.0,7630.0
2023-03-23,0.0,0.0,7630.0
2023-03-25,0.0,0.0,7630.0
2023-03-26,0.0,0.0,7630.0
2023-03-27,0.0,0.0,7630.0
2023-03-28,0.0,0.0,7630.0
2023-03-29,0.0,0.0,7630.0
2023-03-30,0.0,0.0,7630.0
2023-03-31,0.0,0.0,7630.0
2023-04-01,0.0,0.0,7630.0
2023-04-02,0.0,0.0,7630.0
2023-04-03,0.0,0.0,7630.0
2023-04-04,0.0,0.0,7630.0
2023-04-05,6851.0,6696.0,7630.0
2023-04-06,3874.0,3014.0,7480.0
2023-04-07,0.0,0.0,6760.0
2023-04-08,0.0,0.0,6760.0
2023-05-07,21772.0,22723.0,6760.0
2023-05-08,0.0,0.0,8270.0
2023-05-09,3116.0,2424.0,8270.0
2023-05-10,0.0,0.0,7760.0
2023-05-11,4482.0,3487.0,7760.0
2023-05-12,0.0,0.0,7110.0
2023-05-13,16.0,12.0,7110.0
2023-05-27,1719.0,1337.0,7110.0
2023-05-28,7744.0,6924.0,6040.0
2023-05-29,1748.0,1360.0,6210.0
2023-05-30,0.0,0.0,5770.0
2023-05-31,0.0,0.0,5770.0
2023-06-01,0.0,0.0,5770.0
2023-06-02,0.0,0.0,5770.0
2023-06-03,0.0,0.0,5770.0
2023-06-16,9537.0,9303.0,5770.0
2023-06-17,0.0,0.0,6150.0
2023-06-18,0.0,0.0,6150.0
2023-06-19,11212.0,11042.0,6150.0
2023-06-20,0.0,0.0,7170.0
2023-06-21,0.0,0.0,7170.0
2023-06-22,9039.0,8873.0,7170.0
2023-06-23,0.0,0.0,7550.0
2023-06-24,0.0,0.0,7550.0
2023-06-25,11077.0,11990.0,7550.0
2023-06-26,4891.0,3817.0,8260.0
2023-06-27,0.0,0.0,7930.0
2023-06-28,16772.0,16655.0,7930.0
2023-06-29,0.0,0.0,8820.0
2023-06-30,0.0,0.0,8820.0
2023-07-02,0.0,0.0,8820.0
2023-07-03,4800.0,3734.0,8820.0
2023-07-04,3174.0,2469.0,8420.0
2023-07-05,0.0,0.0,7370.0
2023-07-06,0.0,0.0,7370.0
2023-07-07,0.0,0.0,7370.0
2023-07-08,0.0,0.0,7370.0
2023-07-09,0.0,0.0,7370.0
2023-07-10,2879.0,2240.0,7370.0
2023-07-11,518.0,403.0,6480.0
2023-07-12,3683.0,2865.0,6480.0
2023-07-13,0.0,0.0,5920.0
2023-07-14,0.0,0.0,5920.0
2023-07-15,20789.0,16214.0,5920.0
2023-07-16,1073.0,844.0,7410.0
2023-07-17,9500.0,8785.0,6780.0
2023-07-18,5590.0,4477.0,7060.0
2023-07-19,896.0,697.0,6920.0
2023-07-20,9701.0,8406.0,5720.0
2023-07-21,10718.0,8386.0,6120.0
2023-07-22,436.0,339.0,7040.0
2023-07-23,6978.0,5538.0,7040.0
2023-07-24,5067.0,3985.0,7040.0
2023-07-25,6998.0,5964.0,6650.0
2023-07-26,0.0,0.0,6690.0
2023-07-27,3368.0,2620.0,6690.0
2023-07-28,1360.0,1058.0,6360.0
2023-07-29,466.0,363.0,5360.0
2023-07-30,238.0,185.0,5360.0
2023-07-31,2649.0,2061.0,5360.0
2023-08-01,0.0,0.0,4820.0
2023-08-02,0.0,0.0,4820.0
2023-08-03,37.0,29.0,4820.0
2023-08-08,2364.0,1839.0,4820.0
2023-08-09,0.0,0.0,4330.0
2023-08-10,0.0,0.0,4330.0
2023-08-11,0.0,0.0,4330.0
2023-08-12,0.0,0.0,4330.0
2023-08-13,0.0,0.0,4330.0
2023-08-14,0.0,0.0,4330.0
2023-08-20,8947.0,6961.0,4330.0
2023-08-21,5566.0,4330.0,4800.0
2023-08-22,,,4960.0
2023-08-23,4408.0,3429.0,4960.0
2023-08-24,5188.0,4044.0,4910.0
2023-08-25,,,4940.0
2023-08-26,31.0,24.0,4940.0
2023-08-27,,,4940.0
2023-08-28,,,4940.0
2023-08-29,,,4940.0
2023-08-30,,,4940.0
2023-08-31,,,4940.0
2023-09-01,,,4940.0
2023-09-02,,,4940.0
2023-09-03,,,4940.0
2023-09-04,,,4940.0
2023-09-05,,,4940.0
2023-09-06,3899.0,3033.0,4940.0
2023-09-07,4640.0,3610.0,4840.0
2023-09-08,,,4800.0
2023-09-09,,,4800.0
2023-09-10,,,4800.0
2023-09-11,,,4800.0
2023-09-12,,,4800.0
2023-09-13,,,4800.0
2023-09-14,,,4800.0
2023-09-15,,,4800.0
2023-09-16,,,4800.0
2023-09-17,,,4800.0
2023-09-18,,,4800.0
2023-09-19,,,4800.0
2023-09-20,,,4800.0
2023-09-21,,,4800.0
2023-09-22,,,4800.0
2023-09-23,,,4800.0
2023-09-24,,,4800.0
2023-09-25,,,4800.0
2023-09-26,,,4800.0
2023-09-27,,,4800.0
2023-09-28,,,4800.0
2023-09-29,,,4800.0
2023-09-30,,,4800.0
2023-10-01,,,4800.0
2023-10-02,,,4800.0
2023-10-03,,,4800.0
2023-11-19,9992.0,9534.0,4800.0
2023-11-20,,,5320.0
2023-11-21,,,5320.0
2023-11-22,,,5320.0
2023-11-23,,,5320.0
2023-11-24,,,5320.0
2023-11-25,9677.0,8644.0,5320.0
2023-11-26,638.0,496.0,6200.0
2023-11-27,,,5650.0
2023-11-28,,,5650.0
2023-11-29,,,5650.0
2023-11-30,4492.0,3495.0,5650.0
2023-12-01,,,5420.0
2023-12-02,,,5420.0
2023-12-03,,,5420.0
2023-12-04,3976.0,3093.0,5420.0
2023-12-05,,,5140.0
2023-12-06,,,5140.0
2023-12-07,1265.0,1029.0,5140.0
2023-12-08,,,4370.0
2023-12-09,15.0,12.0,4370.0
2023-12-10,10571.0,11207.0,4370.0
2023-12-11,,,4990.0
2023-12-12,10321.0,11218.0,4990.0
2023-12-13,,,6060.0
2023-12-14,,,6060.0
2023-12-15,,,6060.0
2023-12-16,,,6060.0
2023-12-17,5980.0,6318.0,6060.0
2023-12-18,17.0,13.0,6060.0
2023-12-19,14094.0,14121.0,6060.0
2023-12-20,12975.0,12285.0,6870.0
2023-12-21,,,8100.0
2023-12-22,,,8100.0
2023-12-23,21683.0,20021.0,8100.0
2023-12-24,6941.0,5440.0,10100.0
2023-12-25,12787.0,13204.0,9790.0
2023-12-26,1467.0,1141.0,10090.0
2023-12-27,2923.0,2282.0,9230.0
2023-12-28,,,7970.0
2023-12-29,10617.0,11981.0,7970.0
2023-12-30,,,8240.0
2023-12-31,21971.0,20518.0,8240.0
2024-01-01,4622.0,3596.0,10240.0
2024-01-02,82.0,64.0,9680.0
2024-01-03,4706.0,3907.0,9680.0
2024-01-04,6209.0,5218.0,8690.0
2024-01-05,25.0,19.0,8200.0
2024-01-06,,,8200.0
2024-01-07,8128.0,7232.0,8200.0
2024-01-08,8253.0,8609.0,8200.0
2024-01-09,6419.0,5481.0,8210.0
2024-01-10,10017.0,10690.0,8030.0
2024-01-11,,,8230.0
2024-01-12,9624.0,11070.0,8230.0
2024-01-13,,,8510.0
2024-01-14,,,8510.0
2024-01-15,,,8510.0
2024-01-16,,,8510.0
2024-01-18,584.0,454.0,8510.0
2024-01-20,752.0,731.0,8510.0
2024-01-21,1159.0,911.0,8510.0
2024-01-22,,,7780.0
2024-01-23,14825.0,15224.0,7780.0
2024-01-24,10553.0,9618.0,8490.0
2024-01-25,662.0,524.0,8910.0
2024-01-26,6472.0,5623.0,8910.0
2024-01-27,2976.0,2315.0,8910.0
2024-01-28,11124.0,11290.0,8320.0
2024-01-29,,,8600.0
2024-01-30,,,8600.0
2024-01-31,8174.0,8016.0,8600.0
2024-02-01,6501.0,5092.0,8560.0
2024-02-02,9060.0,8196.0,8150.0
2024-02-03,734.0,571.0,8250.0
2024-02-04,,,8250.0
2024-02-05,10756.0,9844.0,8250.0
2024-02-06,5214.0,4076.0,8760.0
2024-02-07,11252.0,10209.0,8410.0
2024-02-08,2915.0,2268.0,8700.0
2024-02-09,10042.0,8721.0,8130.0
2024-02-10,15441.0,14701.0,8330.0
2024-02-11,7959.0,6057.0,9760.0
2024-02-12,14401.0,13693.0,9580.0
2024-02-13,3540.0,2754.0,10070.0
2024-02-14,4280.0,3330.0,9420.0
2024-02-15,14084.0,11976.0,8400.0
2024-02-16,444.0,345.0,8970.0
2024-02-17,14062.0,13502.0,8970.0
2024-02-18,,,9990.0
2024-02-19,14072.0,13025.0,9990.0
2024-02-20,687.0,535.0,10810.0
2024-02-21,12209.0,11168.0,10810.0
2024-02-22,,,11090.0
2024-02-23,8811.0,7722.0,11090.0
2024-02-24,14717.0,13830.0,10870.0
2024-02-25,,,11260.0
2024-02-26,9897.0,8394.0,11260.0
2024-02-27,,,11130.0
2024-02-28,11277.0,10509.0,11130.0
2024-02-29,669.0,521.0,11150.0
2024-03-01,,,11150.0
2024-03-02,,,11150.0
2024-03-03,,,11150.0
2024-03-04,,,11150.0
2024-03-05,,,11150.0
2024-03-06,,,11150.0
2024-03-07,,,11150.0
2024-03-08,,,11150.0
2024-03-09,,,11150.0
2024-03-10,,,11150.0
2024-03-11,,,11150.0
2024-03-12,,,11150.0
2024-03-13,,,11150.0
2024-03-14,,,11150.0
2024-03-15,,,11150.0
2024-03-16,,,11150.0
2024-03-19,,,11150.0
2024-03-20,,,11150.0
2024-04-01,,,11150.0
2024-04-02,,,11150.0
2024-04-03,,,11150.0
2024-04-04,,,11150.0
2024-04-05,,,11150.0
2024-04-06,,,11150.0
2024-04-07,,,11150.0
2024-04-08,,,11150.0
2024-04-09,,,11150.0
2024-04-10,,,11150.0
2024-04-11,,,11150.0
2024-04-12,,,11150.0
2024-04-13,,,11150.0
2024-04-14,,,11150.0
2024-04-16,,,11150.0
2024-04-17,,,11150.0
2024-04-18,,,11150.0
2024-04-19,,,11150.0
2024-04-20,,,11150.0
2024-04-21,,,11150.0
2024-04-22,,,11150.0
2024-04-23,,,11150.0
2024-04-24,,,11150.0
2024-04-25,,,11150.0
2024-04-26,,,11150.0
2024-04-27,5386.0,5084.0,11150.0
2024-04-28,579.0,450.0,10580.0
2024-04-29,,,10580.0
2024-05-03,12910.0,10642.0,10580.0
2024-05-04,10012.0,7805.0,10820.0
2024-05-05,1863.0,1449.0,10740.0
2024-05-06,13908.0,13041.0,8970.0
2024-05-07,597.0,464.0,9470.0
2024-05-08,,,9470.0
2024-05-09,2331.0,1814.0,9470.0
2024-05-10,12608.0,11767.0,8760.0
2024-05-11,2574.0,2045.0,9150.0
2024-05-12,,,8500.0
2024-05-13,2374.0,1847.0,8500.0
2024-05-14,,,7280.0
2024-05-15,,,7280.0
2024-05-16,,,7280.0
2024-05-17,,,7280.0
2024-05-18,,,7280.0
2024-05-21,6364.0,6140.0,7280.0
2024-05-22,9918.0,8885.0,7100.0
2024-05-23,2409.0,1882.0,7390.0
2024-05-24,,,6900.0
2024-05-25,,,6900.0
2024-05-26,,,6900.0
2024-05-27,,,6900.0
2024-05-28,,,6900.0
2024-05-29,,,6900.0
2024-05-30,,,6900.0
2024-05-31,,,6900.0
2024-06-01,,,6900.0
2024-06-02,,,6900.0
2024-06-03,,,6900.0
2024-06-04,,,6900.0
2024-06-05,,,6900.0
2024-06-06,,,6900.0
2024-06-07,,,6900.0
2024-06-08,,,6900.0
2024-06-09,,,6900.0
2024-06-16,,,6900.0
2024-06-17,11196.0,10934.0,6900.0
2024-06-18,,,7330.0
2024-06-19,,,7330.0
2024-06-20,11546.0,11362.0,7330.0
2024-06-21,,,8180.0
2024-06-22,,,8180.0
2024-06-23,11735.0,11373.0,8180.0
2024-06-24,,,8900.0
2024-06-25,11076.0,11258.0,8900.0
2024-06-26,,,9340.0
2024-06-27,11516.0,11771.0,9340.0
2024-06-28,7144.0,5558.0,9780.0
2024-06-29,2212.0,1721.0,9520.0
2024-06-30,1474.0,1158.0,8060.0
2024-07-01,9273.0,8028.0,6750.0
2024-07-02,10710.0,9761.0,7010.0
2024-07-03,869.0,676.0,7750.0
2024-07-04,,,7070.0
2024-07-05,,,7070.0
2024-07-06,2482.0,2735.0,7070.0
2024-07-07,,,6160.0
2024-07-08,9604.0,8592.0,6160.0
2024-07-09,121.0,94.0,6510.0
2024-07-10,,,6510.0
2024-07-11,7764.0,6040.0,6510.0
2024-07-12,,,6760.0
2024-07-13,19476.0,15543.0,6760.0
2024-07-14,1727.0,1344.0,8760.0
2024-07-15,2401.0,1868.0,8060.0
2024-07-16,,,6930.0
2024-07-17,,,6930.0
2024-07-18,,,6930.0
2024-07-20,1573.0,1224.0,6930.0
2024-07-21,6528.0,5079.0,5860.0
2024-07-22,9364.0,8261.0,5930.0
2024-07-23,5636.0,4401.0,6620.0
2024-07-24,6951.0,6157.0,6530.0
2024-07-25,10246.0,8157.0,6580.0
2024-07-26,7940.0,5945.0,7320.0
2024-07-27,,,7450.0
2024-07-28,,,7450.0
2024-07-29,,,7450.0
2024-07-30,,,7450.0
2024-07-31,8829.0,8343.0,7450.0
2024-08-01,5300.0,4139.0,7730.0
2024-08-02,10038.0,9201.0,7490.0
2024-08-03,,,7750.0
2024-08-04,,,7750.0
2024-08-05,9708.0,8398.0,7750.0
2024-08-06,5224.0,4064.0,8150.0
2024-08-07,2680.0,2085.0,7860.0
2024-08-08,2410.0,1875.0,6830.0
2024-08-09,3677.0,2861.0,5950.0
2024-08-10,4480.0,3515.0,5500.0
2024-08-11,1959.0,1524.0,5300.0
2024-08-12,5013.0,3900.0,4640.0
2024-08-13,13262.0,12141.0,4680.0
2024-08-14,10711.0,9410.0,6400.0
2024-08-15,1769.0,1395.0,7270.0
2024-08-16,11955.0,9739.0,6720.0
2024-08-17,2577.0,2005.0,7250.0
2024-08-18,3239.0,2520.0,6790.0
2024-08-19,1866.0,1452.0,6790.0
2024-08-20,13247.0,11756.0,5810.0
2024-08-21,3383.0,2632.0,6560.0
2024-08-22,2151.0,1673.0,6250.0
2024-08-23,2955.0,2299.0,5430.0
2024-08-24,,,4940.0
2024-08-25,,,4940.0
2024-08-26,9576.0,8553.0,4940.0
2024-08-27,4204.0,3271.0,5410.0
2024-08-28,7736.0,6840.0,5290.0
2024-08-29,8313.0,6683.0,5540.0
2024-08-30,9901.0,8513.0,6100.0
2024-08-31,3197.0,2492.0,6860.0
2024-09-01,1641.0,1277.0,6500.0
2024-09-02,9845.0,8742.0,5530.0
2024-09-03,2502.0,1952.0,5970.0
2024-09-04,11903.0,10132.0,5630.0
2024-09-05,6308.0,4908.0,6260.0
2024-09-06,2880.0,2265.0,6270.0
2024-09-07,2321.0,1831.0,5940.0
2024-09-08,2231.0,1736.0,5220.0
2024-09-09,5903.0,4923.0,4630.0
2024-09-10,13514.0,12314.0,4760.0
2024-09-11,2604.0,2026.0,6510.0
2024-09-12,8920.0,7699.0,6120.0
2024-09-13,1814.0,1411.0,6400.0
2024-09-14,,,5950.0
2024-09-15,,,5950.0
2024-09-16,10029.0,8945.0,5950.0
2024-09-17,4329.0,3368.0,6360.0
2024-09-18,8180.0,6935.0,6160.0
2024-09-19,4254.0,3310.0,6370.0
2024-09-20,10777.0,9021.0,6160.0
2024-09-21,2849.0,2220.0,6630.0
2024-09-22,3338.0,2602.0,6260.0
2024-09-23,3975.0,3103.0,5680.0
2024-09-24,4589.0,3570.0,5340.0
2024-09-25,13489.0,12069.0,5190.0
2024-09-26,6594.0,5393.0,6020.0
2024-09-27,,,6140.0
2024-09-29,1339.0,1066.0,6140.0
2024-09-30,,,5660.0
2024-10-01,12016.0,10552.0,5660.0
2024-10-02,,,6300.0
2024-10-03,4143.0,3223.0,6300.0
2024-10-04,5995.0,4705.0,6090.0
2024-10-05,1970.0,1533.0,6080.0
2024-10-06,2444.0,1901.0,5260.0
2024-10-07,9814.0,7635.0,4700.0
2024-10-08,3516.0,2749.0,5220.0
2024-10-09,3210.0,2497.0,5050.0
2024-10-10,,,5050.0
2024-10-11,6831.0,5349.0,5050.0
2024-10-12,2890.0,2260.0,5230.0
2024-10-13,10088.0,9585.0,5000.0
2024-10-14,4002.0,3140.0,5510.0
2024-10-15,2919.0,2279.0,5360.0
2024-10-16,,,4880.0
2024-10-17,5277.0,4106.0,4880.0
2024-10-18,7907.0,6186.0,4920.0
2024-10-19,6467.0,5045.0,5520.0
2024-10-20,10416.0,9348.0,5710.0
2024-10-21,12914.0,11971.0,6660.0
2024-10-22,9828.0,8270.0,7910.0
2024-10-23,22.0,17.0,8300.0
2024-10-24,3541.0,2755.0,8300.0
2024-10-25,832.0,647.0,7830.0
2024-10-26,4424.0,3442.0,6430.0
2024-10-27,5070.0,3949.0,6030.0
2024-10-28,2707.0,2106.0,5850.0
2024-10-29,4643.0,3612.0,5230.0
2024-10-30,9476.0,8766.0,5120.0
2024-10-31,9815.0,7636.0,5560.0
2024-11-01,11286.0,9281.0,6420.0
2024-11-02,2210.0,1719.0,7400.0
2024-11-04,9953.0,8677.0,6890.0
2024-11-05,3317.0,2585.0,7200.0
2024-11-06,10361.0,9423.0,6820.0
2024-11-07,4467.0,3475.0,7180.0
2024-11-08,3851.0,3029.0,6910.0
2024-11-09,11972.0,10093.0,6300.0
2024-11-10,2418.0,1881.0,6870.0
2024-11-11,3456.0,2689.0,6430.0
2024-11-12,2991.0,2336.0,5840.0
2024-11-13,7119.0,5888.0,5840.0
2024-11-14,6588.0,5125.0,5970.0
2024-11-15,12179.0,9487.0,6100.0
2024-11-16,3573.0,2780.0,7320.0
2024-11-17,428.0,333.0,6950.0
2024-11-18,3812.0,2966.0,6950.0
2024-11-19,3690.0,2881.0,6330.0
2024-11-20,3041.0,2381.0,5810.0
2024-11-21,,,5260.0
2024-11-22,3592.0,2795.0,5260.0
2024-11-23,19.0,15.0,4930.0
2024-11-25,2962.0,2313.0,4930.0
2024-11-26,4017.0,3125.0,4540.0
2024-11-27,,,4440.0
2024-11-28,3243.0,2523.0,4440.0
2024-11-29,5190.0,4038.0,4200.0
2024-11-30,2236.0,1745.0,4300.0
2024-12-01,9595.0,8563.0,4100.0
2024-12-02,3090.0,2470.0,4650.0
2024-12-03,2381.0,1852.0,4500.0
2024-12-04,,,4500.0
2024-12-05,12175.0,11018.0,4500.0
2024-12-06,14578.0,11877.0,5270.0
2024-12-07,3533.0,2789.0,7140.0
2024-12-08,13404.0,11890.0,6780.0
2024-12-09,3245.0,2533.0,7450.0
2024-12-10,3321.0,2584.0,7030.0
2024-12-11,13709.0,12799.0,6290.0
2024-12-12,6684.0,5206.0,7040.0
2024-12-13,15727.0,12426.0,7010.0
2024-12-14,2079.0,1617.0,7890.0
2024-12-15,7183.0,6669.0,7310.0
2024-12-16,4184.0,3255.0,7310.0
2024-12-17,14827.0,13001.0,6690.0
2024-12-18,4876.0,3822.0,7510.0
2024-12-19,12733.0,11849.0,7250.0
2024-12-20,5846.0,4548.0,7800.0
2024-12-21,5968.0,5067.0,7610.0
2024-12-22,,,7290.0
2024-12-23,14806.0,12572.0,7290.0
2024-12-24,1972.0,1534.0,8050.0
2024-12-25,13068.0,12484.0,7450.0
2024-12-26,2939.0,2287.0,8020.0
2024-12-27,2363.0,1879.0,8020.0
2024-12-28,1801.0,1401.0,7460.0
2024-12-29,21137.0,18297.0,6330.0
2024-12-30,6510.0,5194.0,7810.0
2024-12-31,18212.0,17794.0,7680.0
2025-01-01,1753.0,1375.0,8740.0
2025-01-02,13478.0,12567.0,8050.0
2025-01-03,4816.0,3893.0,8600.0
2025-01-04,8933.0,8645.0,8230.0
2025-01-05,,,8300.0
2025-01-06,24315.0,23652.0,8300.0
2025-01-07,4869.0,3788.0,10300.0
2025-01-08,11376.0,11411.0,10300.0
2025-01-09,4168.0,3261.0,10520.0
2025-01-10,17141.0,15701.0,9890.0
2025-01-11,13494.0,13643.0,10620.0
2025-01-12,3373.0,2624.0,11200.0
2025-01-13,14321.0,13853.0,10420.0
2025-01-14,4574.0,3559.0,10810.0
2025-01-15,13561.0,13061.0,10190.0
2025-01-16,3527.0,2744.0,10530.0
2025-01-17,18538.0,18057.0,9830.0
2025-01-18,2432.0,1892.0,10700.0
2025-01-19,1267.0,986.0,9880.0
2025-01-20,14193.0,13237.0,8160.0
2025-01-21,6021.0,4724.0,8770.0
2025-01-22,11391.0,10725.0,8500.0
2025-01-23,4529.0,3524.0,8790.0
2025-01-24,13723.0,11937.0,8370.0
2025-01-25,16394.0,15177.0,8910.0
2025-01-26,1711.0,1331.0,10410.0
2025-01-27,13219.0,12034.0,9540.0
2025-01-28,3233.0,2515.0,9910.0
2025-01-29,10426.0,9990.0,9250.0
2025-01-30,19.0,15.0,9370.0
2025-01-31,13809.0,11954.0,9370.0
2025-02-01,17949.0,16480.0,10260.0
2025-02-02,1492.0,1161.0,11800.0
2025-02-03,13468.0,9913.0,10770.0
2025-02-04,5552.0,4319.0,11040.0
2025-02-05,11945.0,10694.0,10500.0
2025-02-06,3675.0,2859.0,10650.0
2025-02-07,6485.0,5071.0,9960.0
2025-02-08,1277.0,1020.0,9960.0
2025-02-09,2437.0,1896.0,8230.0
2025-02-10,12299.0,11323.0,7080.0
2025-02-11,3982.0,3098.0,7610.0
2025-02-12,15861.0,14547.0,7250.0
2025-02-13,11571.0,10101.0,8120.0
2025-02-14,8492.0,6846.0,8810.0
2025-02-15,5568.0,4587.0,8780.0
2025-02-16,4318.0,3475.0,8140.0
2025-02-17,18730.0,16429.0,7380.0
2025-02-18,4608.0,3585.0,8520.0
2025-02-19,10589.0,9231.0,8130.0
2025-02-20,2048.0,1607.0,8380.0
2025-02-21,8822.0,7515.0,7750.0
2025-02-22,12591.0,11184.0,7860.0
2025-02-23,2271.0,1786.0,8810.0
2025-02-24,10157.0,8913.0,8160.0
2025-02-25,,,8360.0
2025-02-26,8562.0,7810.0,8360.0
2025-02-27,2811.0,2187.0,8400.0
2025-02-28,16171.0,14944.0,7850.0
2025-03-01,1306.0,1016.0,8690.0
2025-03-02,3091.0,2405.0,7960.0
2025-03-03,3681.0,2864.0,6990.0
2025-03-04,4324.0,3388.0,6330.0
2025-03-05,7534.0,5874.0,5930.0
2025-03-06,13156.0,11385.0,6090.0
2025-03-07,,,7510.0
2025-03-09,,,
2025-03-10,11220.0,9802.0,7510.0
2025-03-11,4023.0,3130.0,8260.0
2025-03-12,10140.0,9354.0,7840.0
2025-03-13,5039.0,3920.0,8070.0
2025-03-14,10213.0,8683.0,7770.0
2025-03-15,4354.0,3403.0,8020.0
2025-03-16,1525.0,1199.0,7660.0
2025-03-17,11478.0,10450.0,6440.0
2025-03-18,11608.0,10053.0,6950.0
2025-03-19,8243.0,6361.0,7890.0
2025-03-20,6555.0,5182.0,7960.0
2025-03-21,6630.0,5739.0,7820.0
2025-03-22,6204.0,4838.0,7590.0
2025-03-23,1945.0,1513.0,7320.0
2025-03-24,13053.0,11185.0,6250.0
2025-03-25,3473.0,2702.0,6930.0
2025-03-26,10354.0,9268.0,6590.0
2025-03-27,4471.0,3478.0,6970.0
2025-03-28,6835.0,5234.0,6720.0
2025-03-29,2735.0,2168.0,6740.0
2025-03-30,875.0,681.0,6340.0
2025-03-31,13032.0,11550.0,5250.0
2025-04-01,11737.0,10531.0,6030.0
2025-04-02,,,7180.0
2025-04-03,10476.0,9115.0,7180.0
2025-04-04,6138.0,4775.0,7840.0
2025-04-05,3672.0,2857.0,7670.0
2025-04-06,1614.0,1256.0,6870.0
2025-04-07,12947.0,11551.0,5820.0
2025-04-08,29.0,23.0,6540.0
2025-04-09,10112.0,9282.0,6540.0
2025-04-10,4744.0,3691.0,7260.0
2025-04-11,14622.0,12348.0,7010.0
2025-04-12,3871.0,3071.0,7780.0
2025-04-13,3781.0,2942.0,7390.0
2025-04-14,4130.0,3217.0,6670.0
2025-04-15,13787.0,12417.0,6170.0
2025-04-16,325.0,253.0,6940.0
2025-04-17,9499.0,8381.0,6940.0
2025-04-18,6452.0,5020.0,7460.0
2025-04-19,1941.0,1510.0,7360.0
2025-04-20,6513.0,5562.0,6280.0
2025-04-21,2062.0,1604.0,6310.0
2025-04-22,6776.0,5746.0,5890.0
2025-04-23,2763.0,2150.0,5980.0
2025-04-24,8709.0,7773.0,5660.0
2025-04-25,1320.0,1027.0,5970.0
2025-04-26,6745.0,5701.0,5510.0
2025-04-27,3158.0,2457.0,5640.0
2025-04-28,10271.0,8722.0,5400.0
2025-04-29,3263.0,2549.0,5890.0
2025-04-30,9295.0,8944.0,5630.0
2025-05-02,11740.0,9918.0,6000.0
2025-05-03,4306.0,3350.0,7150.0
2025-05-04,332.0,258.0,6870.0
2025-05-05,3662.0,2854.0,6870.0
2025-05-06,12285.0,11048.0,6230.0
2025-05-07,10642.0,10000.0,6840.0
2025-05-08,4281.0,3331.0,7600.0
2025-05-09,12077.0,10432.0,7270.0
2025-05-10,2504.0,1948.0,7750.0
2025-05-11,1662.0,1293.0,7230.0
2025-05-12,4314.0,3356.0,6120.0
2025-05-13,13406.0,11840.0,5760.0
2025-05-14,15999.0,14080.0,6530.0
2025-05-15,2674.0,2080.0,8430.0
2025-05-16,12215.0,10375.0,8430.0
2025-05-17,3457.0,2690.0,9190.0
2025-05-18,2154.0,1676.0,8620.0
2025-05-19,9801.0,7625.0,7330.0
2025-05-20,12886.0,10545.0,7580.0
2025-05-21,8714.0,6854.0,8650.0
2025-05-22,9998.0,7778.0,8670.0
2025-05-23,7774.0,6048.0,8940.0
2025-05-24,8025.0,6887.0,8940.0
2025-05-25,4289.0,3361.0,8850.0
2025-05-26,5633.0,4383.0,7940.0
2025-05-27,13556.0,11708.0,7480.0
2025-05-28,7290.0,6431.0,8090.0
2025-05-29,8219.0,6394.0,8010.0
2025-05-30,7594.0,5975.0,8030.0
2025-05-31,12230.0,10343.0,7990.0
2025-06-01,3005.0,2345.0,8420.0
2025-06-02,7461.0,6487.0,7880.0
2025-06-03,4430.0,3447.0,7800.0
2025-06-04,9599.0,8613.0,7130.0
2025-06-05,474.0,369.0,7380.0
2025-06-06,10665.0,8719.0,7380.0
2025-06-07,2372.0,1845.0,8040.0
2025-06-08,7575.0,5893.0,7480.0
2025-06-09,1727.0,1344.0,7490.0
2025-06-10,,,6920.0
2025-06-11,,,6920.0
2025-06-12,13788.0,12319.0,6920.0
2025-06-13,13032.0,10257.0,7620.0
2025-06-14,17735.0,13803.0,8710.0
2025-06-15,2660.0,2069.0,10520.0
2025-06-16,6176.0,4805.0,9740.0
2025-06-17,1506.0,1172.0,9030.0
2025-06-18,796.0,619.0,7530.0
2025-06-20,13710.0,13015.0,7530.0
2025-06-21,4784.0,3744.0,8150.0
2025-06-22,8314.0,6507.0,7820.0
2025-06-23,4852.0,3812.0,7870.0
2025-06-24,14852.0,14347.0,7570.0
2025-06-26,111.0,86.0,8300.0
2025-06-27,14483.0,13708.0,8300.0
2025-06-28,2394.0,1862.0,9540.0
2025-06-29,,,8830.0
2025-06-30,4379.0,3422.0,8830.0
2025-07-01,6248.0,4908.0,7940.0
2025-07-02,4756.0,3459.0,7610.0
2025-07-03,3809.0,3001.0,7040.0
2025-07-04,,,6400.0
2025-07-05,1725.0,1342.0,6400.0
2025-07-06,1481.0,1152.0,5470.0
2025-07-07,5732.0,4459.0,4680.0
2025-07-08,4196.0,3278.0,4790.0
2025-07-09,2716.0,2113.0,4730.0
2025-07-10,4510.0,3515.0,4330.0
2025-07-11,4948.0,3850.0,4350.0
2025-07-12,3092.0,2406.0,4470.0
2025-07-13,27.0,21.0,4340.0
2025-07-14,398.0,310.0,4340.0
2025-07-15,53.0,41.0,4340.0
2025-07-16,474.0,369.0,4340.0
2025-07-17,87.0,68.0,4340.0
2025-07-19,,,4210.0
2025-07-20,812.0,632.0,4210.0
2025-07-21,4834.0,3765.0,3870.0
2025-07-22,6215.0,4840.0,3970.0
2025-07-23,5083.0,3955.0,4420.0
2025-07-24,2826.0,2208.0,4560.0
2025-07-25,4849.0,3773.0,4390.0
2025-07-26,1614.0,1256.0,4440.0
2025-07-27,4941.0,3912.0,4160.0
2025-07-28,11897.0,10995.0,4240.0
2025-07-29,4951.0,3852.0,5780.0
2025-07-30,2708.0,2146.0,5700.0
2025-07-31,4748.0,3694.0,5110.0
2025-08-01,4705.0,3661.0,5040.0
2025-08-02,8827.0,7154.0,4980.0
2025-08-03,2040.0,1598.0,5370.0
2025-08-04,4938.0,3842.0,5040.0
2025-08-05,3561.0,2790.0,5020.0
2025-08-06,3138.0,2441.0,4730.0
2025-08-07,5954.0,4632.0,4420.0
2025-08-08,5894.0,4585.0,4580.0
2025-08-09,1729.0,1345.0,4850.0
2025-08-10,,,4540.0
2025-08-11,6256.0,4867.0,4540.0
2025-08-12,5085.0,3969.0,4720.0
2025-08-13,4210.0,3071.0,4800.0
2025-08-14,5185.0,4034.0,4750.0
2025-08-15,4358.0,3391.0,4800.0
2025-08-16,3369.0,2621.0,4760.0
2025-08-17,6501.0,5152.0,4490.0
2025-08-18,2998.0,2332.0,4700.0
2025-08-19,5694.0,4450.0,4530.0
2025-08-20,1799.0,1400.0,4650.0
2025-08-21,4539.0,3531.0,4650.0
2025-08-22,10793.0,8846.0,4640.0
2025-08-23,3407.0,2651.0,5260.0
2025-08-24,3128.0,2439.0,5080.0
2025-08-25,4554.0,3487.0,4690.0
2025-08-26,3927.0,3055.0,4670.0
2025-08-27,1750.0,1362.0,4530.0
2025-08-28,4638.0,3608.0,3980.0
2025-08-29,7160.0,5579.0,4050.0
2025-08-30,2979.0,2339.0,4680.0
2025-08-31,853.0,664.0,4510.0
2025-09-01,4810.0,3742.0,3780.0
2025-09-02,10394.0,8096.0,3890.0
2025-09-03,2708.0,2107.0,5190.0
2025-09-05,7028.0,5581.0,5190.0
2025-09-06,,,5560.0
2025-09-07,2283.0,1776.0,5560.0
2025-09-08,10229.0,8989.0,5240.0
2025-09-09,6052.0,4737.0,5740.0
2025-09-10,5772.0,4503.0,5810.0
2025-09-11,2995.0,2330.0,5810.0
2025-09-12,10713.0,8785.0,5250.0
2025-09-13,2723.0,2118.0,5800.0
2025-09-14,2590.0,2015.0,5500.0
2025-09-15,5391.0,4194.0,4920.0
2025-09-16,12041.0,11103.0,4970.0
2025-09-17,1170.0,910.0,6390.0
2025-09-18,6394.0,5703.0,5870.0
2025-09-19,5384.0,4189.0,5930.0
2025-09-20,3817.0,2970.0,5880.0
2025-09-21,5133.0,4025.0,5470.0
2025-09-22,11692.0,10188.0,5410.0
2025-09-23,3370.0,2622.0,6040.0
2025-09-24,8190.0,7748.0,5780.0
2025-09-25,4581.0,3596.0,6030.0
2025-09-26,10891.0,9786.0,5890.0
2025-09-27,6049.0,4706.0,6390.0
2025-09-28,3052.0,2399.0,6360.0
2025-09-29,8539.0,7936.0,5700.0
2025-09-30,7687.0,5980.0,5990.0
2025-10-01,8179.0,7494.0,6330.0
2025-10-02,5137.0,3997.0,6700.0
2025-10-04,4036.0,3140.0,6550.0
2025-10-05,1939.0,1509.0,6050.0
2025-10-06,3786.0,2946.0,5230.0
2025-10-07,6116.0,4774.0,4950.0
2025-10-08,4394.0,3419.0,5070.0
2025-10-09,,,5010.0
2025-10-10,1308.0,1018.0,5010.0
2025-10-11,5122.0,3985.0,4270.0
2025-10-12,2261.0,1759.0,4360.0
2025-10-13,5068.0,3943.0,4150.0
2025-10-14,102.0,79.0,4250.0
2025-10-15,,,4250.0
2025-10-16,,,4250.0
2025-10-17,6424.0,4998.0,4250.0
2025-10-18,6015.0,4680.0,4690.0
2025-10-19,2948.0,2294.0,4960.0
2025-10-20,3500.0,2726.0,4760.0
2025-10-21,5231.0,4070.0,4510.0
2025-10-22,3750.0,2918.0,4590.0
2025-10-23,3599.0,2800.0,4510.0
2025-10-24,5277.0,4105.0,4510.0
2025-10-25,5859.0,4558.0,4590.0
2025-10-26,3342.0,2600.0,4850.0
2025-10-27,3549.0,2761.0,4700.0
2025-10-28,5115.0,3979.0,4470.0
2025-10-29,2714.0,2160.0,4540.0
2025-10-30,2897.0,2254.0,4360.0
2025-10-31,11823.0,11026.0,4070.0
2025-11-01,8383.0,6503.0,4850.0
2025-11-02,2966.0,2308.0,5560.0
2025-11-03,4818.0,3748.0,5300.0
2025-11-04,4954.0,3854.0,5210.0
2025-11-05,10900.0,10315.0,5160.0
2025-11-06,4041.0,3184.0,5740.0
2025-11-07,14593.0,14301.0,5570.0
2025-11-08,7930.0,6278.0,6480.0
2025-11-09,11201.0,10317.0,6770.0
2025-11-10,5962.0,4638.0,7660.0
2025-11-11,5852.0,4553.0,7490.0
2025-11-12,10902.0,11147.0,7170.0
2025-11-13,4304.0,3354.0,7550.0
2025-11-14,13195.0,12871.0,7230.0
2025-11-15,11624.0,10678.0,7830.0
2025-11-16,3428.0,2667.0,8590.0
2025-11-17,4762.0,3705.0,8080.0
2025-11-18,5240.0,4077.0,7420.0
2025-11-19,4851.0,3774.0,6990.0
2025-11-20,14682.0,15179.0,6570.0
2025-11-21,13496.0,12173.0,7390.0
2025-11-22,3450.0,2701.0,8620.0
2025-11-23,6942.0,5415.0,8620.0
2025-11-24,5380.0,4189.0,8460.0
2025-11-25,4794.0,3730.0,7850.0
2025-11-26,13533.0,13560.0,7240.0
2025-11-27,3620.0,2836.0,7870.0
2025-11-28,20468.0,18847.0,7450.0
2025-11-29,3620.0,2826.0,8760.0
2025-11-30,1749.0,1361.0,8250.0
2025-12-01,4641.0,3620.0,6950.0
2025-12-02,4849.0,3773.0,6490.0
2025-12-03,11623.0,11460.0,6170.0
2025-12-04,4091.0,3183.0,6720.0
2025-12-05,14429.0,14908.0,6460.0
2025-12-06,4626.0,3599.0,7260.0
2025-12-07,12508.0,14194.0,7260.0
2025-12-08,3257.0,2534.0,8310.0
2025-12-09,8688.0,6759.0,7810.0
2025-12-10,11916.0,10661.0,7900.0
2025-12-11,7500.0,5835.0,8710.0
2025-12-12,3978.0,3095.0,8590.0
2025-12-13,4665.0,3641.0,7670.0
2025-12-14,2032.0,1581.0,7070.0
2025-12-15,8820.0,7259.0,6070.0
2025-12-16,8483.0,6939.0,6350.0
2025-12-17,9525.0,8160.0,6780.0
2025-12-18,6600.0,5175.0,7330.0
2025-12-19,4829.0,3759.0,7260.0
2025-12-20,4694.0,3652.0,6780.0
2025-12-21,17689.0,18390.0,6370.0
2025-12-22,6237.0,4852.0,7510.0
2025-12-23,15210.0,13768.0,7390.0
2025-12-24,2009.0,1563.0,8180.0
2025-12-25,13559.0,13354.0,7570.0
2025-12-26,2254.0,1754.0,8170.0
2025-12-27,3332.0,2592.0,7580.0
2025-12-28,12117.0,12090.0,6730.0
2025-12-29,8630.0,6714.0,7270.0
2025-12-30,12951.0,13461.0,7550.0
2025-12-31,5911.0,4998.0,8630.0
2026-01-01,1082.0,842.0,8360.0
2026-01-02,14019.0,14942.0,6910.0
2026-01-03,5539.0,4519.0,7620.0
2026-01-04,8995.0,8037.0,7420.0
2026-01-05,2469.0,1921.0,7580.0
2026-01-06,5145.0,4003.0,7070.0
2026-01-07,2763.0,2180.0,6690.0
2026-01-08,6270.0,4994.0,5910.0
2026-01-09,6759.0,5328.0,5950.0
2026-01-10,19408.0,16182.0,6120.0
2026-01-11,2869.0,2232.0,8120.0
2026-01-12,4654.0,3621.0,7600.0
2026-01-13,5790.0,4505.0,7010.0
2026-01-14,12369.0,12897.0,6770.0
2026-01-15,4867.0,3810.0,7330.0
2026-01-16,8747.0,7798.0,7090.0
2026-01-17,3957.0,3079.0,7260.0
2026-01-18,11839.0,11569.0,6930.0
2026-01-19,6768.0,5266.0,7420.0
2026-01-20,7381.0,5742.0,7360.0
2026-01-21,13812.0,13209.0,7370.0
2026-01-22,5458.0,4270.0,8660.0
2026-01-23,14180.0,14257.0,8340.0
2026-01-24,9573.0,7461.0,8930.0
2026-01-25,8273.0,6436.0,9060.0
2026-01-26,15093.0,14678.0,8990.0
2026-01-27,9357.0,7744.0,9600.0
2026-01-28,8153.0,6607.0,9580.0
2026-01-29,10775.0,9108.0,9300.0
2026-01-30,9493.0,7386.0,9450.0
2026-01-31,11740.0,12151.0,9460.0
2026-02-01,3347.0,2604.0,9920.0
2026-02-02,10468.0,9078.0,9270.0
2026-02-03,3316.0,2580.0,9390.0
2026-02-04,14216.0,13722.0,8790.0
2026-02-05,4639.0,3609.0,9340.0
2026-02-06,5468.0,4254.0,8870.0
2026-02-07,11721.0,12064.0,8190.0
2026-02-08,7928.0,6168.0,8550.0
2026-02-09,15936.0,14373.0,8490.0
2026-02-10,5931.0,4614.0,9240.0
2026-02-11,5270.0,4145.0,8910.0
2026-02-12,13678.0,13340.0,8190.0
2026-02-13,2583.0,2010.0,8740.0
2026-02-14,2582.0,2009.0,8130.0
2026-02-15,2718.0,2115.0,7020.0
2026-02-16,14630.0,13259.0,6160.0
2026-02-17,7485.0,5823.0,7010.0
2026-02-18,4928.0,3834.0,7110.0
2026-02-19,13279.0,13423.0,6900.0
2026-02-20,3226.0,2510.0,7540.0
2026-02-21,11831.0,11052.0,7110.0
2026-02-22,11607.0,10899.0,7590.0
2026-02-23,5113.0,3978.0,8400.0
2026-02-24,5318.0,4160.0,8080.0
2026-02-25,5411.0,4210.0,7530.0
2026-02-26,5657.0,4438.0,7110.0
2026-02-27,10612.0,9960.0,6820.0
2026-02-28,9143.0,7738.0,7200.0
2026-03-01,2019.0,1571.0,7590.0
2026-03-02,14432.0,12806.0,7040.0
2026-03-03,5615.0,4368.0,7780.0
2026-03-04,5668.0,4586.0,7570.0
2026-03-05,10783.0,10782.0,7190.0
2026-03-06,10347.0,9357.0,7550.0
2026-03-07,10369.0,8566.0,8110.0
2026-03-08,5370.0,4178.0,8570.0
2026-03-09,5905.0,4599.0,8250.0
2026-03-10,5535.0,4306.0,7790.0
2026-03-11,11609.0,10254.0,7340.0
2026-03-12,3337.0,2596.0,7770.0
2026-03-13,8675.0,7665.0,7330.0
2026-03-14,2683.0,2087.0,7470.0
2026-03-15,13582.0,14049.0,7000.0
2026-03-16,5714.0,4446.0,7660.0
2026-03-17,5336.0,4151.0,7470.0
2026-03-18,5335.0,4151.0,7050.0
2026-03-19,10736.0,10009.0,6710.0
2026-03-20,13598.0,12630.0,7120.0
2026-03-21,7593.0,6715.0,8420.0
2026-03-22,3352.0,2620.0,8340.0
2026-03-23,6142.0,4778.0,7350.0
2026-03-24,7155.0,5612.0,7110.0
2026-03-25,15256.0,14278.0,7120.0
2026-03-26,8921.0,7790.0,8750.0
2026-03-27,2667.0,2087.0,8790.0
2026-03-28,1814.0,1411.0,8180.0
2026-03-29,4072.0,3168.0,6910.0
2026-03-30,5439.0,4232.0,6350.0
2026-03-31,12260.0,11862.0,6170.0
2026-04-01,10462.0,9242.0,6780.0
2026-04-02,11054.0,10986.0,7520.0
2026-04-03,8030.0,7050.0,8230.0
2026-04-04,3199.0,2513.0,8210.0
2026-04-05,1948.0,1516.0,7210.0
2026-04-06,24014.0,25748.0,6160.0
2026-04-07,5306.0,4151.0,7950.0
2026-04-08,6614.0,5151.0,7690.0
2026-04-09,8312.0,7514.0,7480.0
2026-04-10,3140.0,2443.0,7570.0
2026-04-11,1955.0,1521.0,7130.0
2026-04-12,12449.0,12404.0,6100.0
2026-04-13,7228.0,5623.0,6740.0
2026-04-14,17855.0,15788.0,6840.0
2026-04-15,12532.0,9750.0,8840.0
2026-04-16,12460.0,12078.0,9580.0
2026-04-17,11102.0,10058.0,10160.0
2026-04-18,7307.0,5685.0,10350.0
2026-04-19,2326.0,1823.0,10050.0
2026-04-20,5936.0,4650.0,8510.0
2026-04-21,5773.0,4555.0,8000.0
2026-04-22,10389.0,9462.0,7560.0
2026-04-23,2901.0,2257.0,7850.0
2026-04-24,10299.0,9042.0,7360.0
2026-04-25,5566.0,4330.0,7660.0
2026-04-26,1800.0,1400.0,7450.0
2026-04-27,12878.0,11795.0,6320.0
2026-04-28,4275.0,3326.0,6980.0
2026-04-29,7381.0,6603.0,6710.0
2026-04-30,4596.0,3576.0,6780.0
2026-05-01,2429.0,1890.0,6570.0
2026-05-02,10911.0,11870.0,5750.0
2026-05-03,4702.0,3658.0,6270.0
2026-05-04,15229.0,14676.0,6120.0
2026-05-05,4479.0,3485.0,7030.0
2026-05-06,13481.0,12093.0,6780.0
2026-05-07,2480.0,1929.0,7450.0
2026-05-08,9833.0,8605.0,6960.0
2026-05-09,2830.0,2202.0,7250.0
2026-05-10,26729.0,28792.0,6810.0
2026-05-11,5553.0,4336.0,8810.0
2026-05-12,4457.0,3468.0,8490.0
2026-05-13,7531.0,6641.0,8490.0
2026-05-14,2654.0,2065.0,8300.0
2026-05-15,3767.0,2931.0,7170.0
2026-05-16,2898.0,2273.0,6490.0
2026-05-17,13970.0,15838.0,5780.0
2026-05-18,5048.0,3927.0,6600.0
2026-05-19,5544.0,4395.0,6450.0
2026-05-20,12743.0,11010.0,6270.0
2026-05-21,3826.0,2977.0,6920.0
2026-05-22,9020.0,7920.0,6610.0
2026-05-23,4914.0,3823.0,6860.0
2026-05-24,4495.0,3497.0,6670.0
2026-05-25,3402.0,2647.0,6240.0
2026-05-26,10998.0,8576.0,5680.0
2026-05-27,5175.0,4026.0,6220.0
2026-05-28,10157.0,10896.0,6120.0
2026-05-29,8489.0,7443.0,6530.0
2026-05-30,9820.0,7714.0,6930.0
2026-05-31,15182.0,15156.0,7510.0
2026-06-01,6506.0,5081.0,9050.0
2026-06-02,9445.0,8436.0,8800.0
2026-06-03,2360.0,1836.0,8870.0
2026-06-04,11548.0,11618.0,8220.0
2026-06-05,9670.0,8465.0,8560.0
2026-06-06,8363.0,6541.0,8790.0
2026-06-07,3582.0,2787.0,8750.0
2026-06-08,2659.0,2069.0,7720.0
2026-06-09,14752.0,14733.0,6710.0
2026-06-10,7184.0,5632.0,7520.0
2026-06-11,4112.0,3199.0,7490.0
2026-06-12,14771.0,14741.0,6820.0
2026-06-13,14566.0,11505.0,7620.0
2026-06-14,2523.0,1974.0,9010.0
2026-06-15,18172.0,18463.0,8370.0
2026-06-16,4619.0,3594.0,9350.0
2026-06-17,5691.0,4428.0,8880.0
2026-06-18,12229.0,12640.0,8250.0
2026-06-19,6690.0,5229.0,8650.0
2026-06-20,18061.0,18838.0,8460.0
2026-06-21,13906.0,10849.0,9420.0
2026-06-22,5785.0,4501.0,10320.0
2026-06-23,6662.0,5290.0,9870.0
2026-06-24,19635.0,18573.0,9230.0
2026-06-25,2304.0,1792.0,10270.0
2026-06-26,6404.0,4982.0,10270.0
2026-06-27,9307.0,7281.0,9890.0
2026-06-28,14859.0,16251.0,9780.0
2026-06-29,5691.0,4453.0,10290.0
2026-06-30,5071.0,3945.0,9830.0
2026-07-01,13991.0,14984.0,8880.0
2026-07-02,2023.0,1574.0,9400.0
2026-07-03,7300.0,5733.0,8670.0
2026-07-04,12342.0,12474.0,8400.0
2026-07-05,7190.0,5796.0,8800.0
2026-07-06,6085.0,4734.0,8640.0
2026-07-07,14371.0,13492.0,8130.0
2026-07-08,3092.0,2414.0,8760.0
2026-07-09,1896.0,1475.0,8200.0
2026-07-10,18550.0,12904.0,6940.0
2026-07-11,11670.0,9261.0,8110.0
2026-07-12,7356.0,5786.0,8830.0
2026-07-13,13084.0,12531.0,8690.0
2026-07-14,11793.0,9431.0,9130.0
2026-07-15,5226.0,4066.0,9670.0
2026-07-16,12322.0,13291.0,9230.0
2026-07-17,2139.0,1664.0,9540.0
2026-07-18,10600.0,8328.0,8800.0
2026-07-19,4911.0,3890.0,8980.0
2026-07-20,10845.0,8442.0,8580.0
2026-07-21,21299.0,21732.0,8810.0
2026-07-22,9086.0,7096.0,10810.0
2026-07-23,16187.0,12613.0,10640.0
2026-07-24,31260.0,23122.0,11200.0
2026-07-25,27165.0,21228.0,13200.0
2026-07-26,21954.0,20736.0,15200.0
2026-07-27,5871.0,4568.0,16550.0
2026-07-28,17176.0,17969.0,15490.0
2026-07-29,11430.0,8915.0,15660.0
2026-07-30,1705.0,1327.0,15240.0
2026-07-31,14810.0,11742.0,12540.0
2026-08-01,13598.0,10588.0,12770.0
2026-08-02,13202.0,11327.0,12940.0
2026-08-03,2914.0,2267.0,13000.0
2026-08-04,6461.0,5027.0,12000.0
2026-08-05,5629.0,4379.0,10900.0
2026-08-06,8317.0,6560.0,9850.0
2026-08-07,1600.0,1245.0,9550.0
2026-08-08,5729.0,4470.0,7960.0
2026-08-09,14940.0,15620.0,7520.0
2026-08-10,10408.0,8162.0,8270.0
2026-08-11,6369.0,4955.0,8700.0
2026-08-12,16103.0,14431.0,8470.0
2026-08-13,14711.0,11730.0,9240.0
2026-08-14,13129.0,12373.0,10340.0
2026-08-15,8444.0,6569.0,10900.0
2026-08-16,5288.0,4114.0,10660.0
2026-08-17,5620.0,4439.0,9590.0
2026-08-18,11991.0,9402.0,8800.0
2026-08-19,7257.0,5646.0,9120.0
2026-08-20,12233.0,12377.0,8940.0
2026-08-21,10342.0,8104.0,9270.0
2026-08-22,18320.0,16584.0,9490.0
2026-08-23,7482.0,5837.0,11260.0
2026-08-23,8444.0,6586.0,11260.0
2026-08-24,19671.0,20925.0,10980.0
